id;name;fields;remarks;stop;create_date;update_date;modify_date
1;Gardens synthesizing;silver;system;false;2019-12-10T18:48:56;2019-12-10T13:19:42;2019-12-11T01:10:49
2;Metal Auto Loan Account;Awesome;Sausages Haven;true;2019-12-10T16:44:42;2019-12-11T05:45:15;2019-12-10T22:08:12
3;Crest Bahamas;Manager open architecture;Gorgeous Metal Shoes;false;2019-12-10T16:42:10;2019-12-10T19:38:32;2019-12-10T19:40:49
4;users scalable;transmitting parse infrastructures;matrix Implementation Shirt;false;2019-12-10T08:45:49;2019-12-10T13:12:41;2019-12-10T13:40:48
5;Refined Soft Keyboard synthesizing;indigo Bacon Mouse;Programmable payment National;false;2019-12-10T09:56:44;2019-12-10T16:52:44;2019-12-10T21:34:46
6;indexing models e-enable;Money Market Account Saint Helena;Borders Grass-roots;true;2019-12-10T21:36:09;2019-12-10T21:47:05;2019-12-10T18:14:01
7;Unbranded Concrete Soap Bouvet Island (Bouvetoya);Tactics Credit Card Account;Belize Dollar Bacon;true;2019-12-10T16:06:59;2019-12-10T19:06:29;2019-12-10T18:11:42
8;Customer mobile Cheese;program;hack Electronics Oklahoma;true;2019-12-10T19:08:33;2019-12-10T09:57:21;2019-12-10T12:53:13
9;Licensed Bosnia and Herzegovina;indexing Rubber;Buckinghamshire Cameroon;false;2019-12-11T01:29:46;2019-12-10T21:11:00;2019-12-10T13:39:51
10;driver payment Mexican Peso Mexican Unidad de Inversion (UDI);port Money Market Account;Chips National Idaho;false;2019-12-10T20:49:55;2019-12-10T19:54:36;2019-12-11T00:05:16
